Bell No,Actual Time,Contest Model,HawkEar Model,RWP Model,Metronomic Model
1,278.667,278.667,278.667,261.613,278.667
2,491.333,491.333,491.333,477.175,487.119
3,704,704,704,692.738,695.572
4,916.667,916.667,916.667,908.301,904.025
5,1129.33,1129.33,1129.33,1123.86,1112.48
6,1342,1342,1342,1339.43,1320.93
7,1554.67,1554.67,1554.67,1554.99,1529.38
8,1767.33,1767.33,1767.33,1770.55,1737.84
9,1980,1980,1980,1986.11,1946.29
10,2050,2192.67,2192.67,2201.68,2154.74
11,2270,2405.33,2405.33,2417.24,2363.19
12,2470,2618,2618,2632.8,2571.65
1,2880,2830.67,2830.67,2848.36,2780.1
2,3120,3043.33,3043.33,3063.93,2988.55
3,3320,3256,3256,3279.49,3197
4,3560,3468.67,3468.67,3495.05,3405.46
5,3800,3681.33,3681.33,3710.62,3613.91
6,3990,3894,3894,3926.18,3822.36
7,4170,4106.67,4106.67,4141.74,4030.81
8,4430,4319.33,4319.33,4357.3,4239.27
9,4610,4532,4532,4572.87,4447.72
10,4780,4744.67,4744.67,4788.43,4656.17
11,4990,4957.33,4957.33,5003.99,4864.63
12,5170,5170,5170,5219.55,5073.08
1,5530,5465.43,5509.49,5464.36,5489.98
2,5730,5681.68,5722.93,5679.93,5698.44
3,5960,5897.93,5936.36,5895.49,5906.89
4,6110,6114.18,6149.8,6111.05,6115.34
5,6290,6330.43,6363.23,6326.61,6323.79
6,6470,6546.67,6576.67,6542.18,6532.25
7,6660,6762.92,6790.1,6757.74,6740.7
8,6920,6979.17,7003.54,6973.3,6949.15
9,7070,7195.42,7216.97,7188.86,7157.61
10,7300,7411.67,7430.41,7404.43,7366.06
11,7560,7627.92,7643.85,7619.99,7574.51
12,7780,7844.17,7857.28,7835.55,7782.96
1,8040,8060.41,8070.72,8051.11,7991.42
2,8290,8276.66,8284.15,8266.68,8199.87
3,8480,8492.91,8497.59,8482.24,8408.32
4,8740,8709.16,8711.02,8697.8,8616.77
5,9020,8925.41,8924.46,8913.37,8825.23
6,9170,9141.66,9137.89,9128.93,9033.68
7,9380,9357.9,9351.33,9344.49,9242.13
8,9620,9574.15,9564.77,9560.05,9450.58
9,9820,9790.4,9778.2,9775.62,9659.04
10,10000,10006.7,9991.64,9991.18,9867.49
11,10200,10222.9,10205.1,10206.7,10075.9
12,10500,10439.1,10418.5,10422.3,10284.4
1,10560,10586.3,10686.3,10594,10701.3
2,10820,10803.3,10896.9,10809.3,10909.8
3,11020,11020.3,11107.5,11024.6,11118.2
4,11230,11237.3,11318.1,11239.9,11326.7
5,11430,11454.2,11528.7,11455.2,11535.1
6,11570,11671.2,11739.3,11670.5,11743.6
7,11790,11888.2,11949.9,11885.8,11952
8,12040,12105.2,12160.5,12101.1,12160.5
9,12220,12322.2,12371.1,12316.4,12368.9
10,12470,12539.2,12581.8,12531.7,12577.4
11,12730,12756.2,12792.4,12747,12785.8
12,12990,12973.2,13003,12962.3,12994.3
1,13180,13190.2,13213.6,13177.7,13202.7
2,13480,13407.2,13424.2,13393,13411.2
3,13660,13624.2,13634.8,13608.3,13619.6
4,13890,13841.2,13845.4,13823.6,13828.1
5,14090,14058.2,14056,14038.9,14036.5
6,14270,14275.2,14266.6,14254.2,14245
7,14480,14492.2,14477.2,14469.5,14453.4
8,14720,14709.2,14687.8,14684.8,14661.9
9,14960,14926.2,14898.5,14900.1,14870.4
10,15110,15143.2,15109.1,15115.4,15078.8
11,15380,15360.2,15319.7,15330.7,15287.3
12,15590,15577.1,15530.3,15546,15495.7
1,15760,15729.1,15831.7,15770.1,15912.6
2,16010,15949.4,16045.4,15986.7,16121.1
3,16160,16169.6,16259.1,16203.2,16329.5
4,16380,16389.9,16472.8,16419.8,16538
5,16630,16610.1,16686.5,16636.3,16746.4
6,16830,16830.4,16900.2,16852.8,16954.9
7,17020,17050.6,17113.9,17069.4,17163.3
8,17210,17270.9,17327.6,17285.9,17371.8
9,17390,17491.2,17541.3,17502.5,17580.2
10,17620,17711.4,17755,17719,17788.7
11,17810,17931.7,17968.7,17935.6,17997.1
12,18050,18151.9,18182.4,18152.1,18205.6
1,18470,18372.2,18396.1,18368.7,18414
2,18690,18592.4,18609.8,18585.2,18622.5
3,18860,18812.7,18823.5,18801.8,18831
4,19120,19032.9,19037.2,19018.3,19039.4
5,19340,19253.2,19250.9,19234.9,19247.9
6,19530,19473.4,19464.6,19451.4,19456.3
7,19690,19693.7,19678.3,19668,19664.8
8,19960,19913.9,19892,19884.5,19873.2
9,20150,20134.2,20105.7,20101.1,20081.7
10,20320,20354.4,20319.4,20317.6,20290.1
11,20490,20574.7,20533.1,20534.2,20498.6
12,20760,20794.9,20746.8,20750.7,20707
1,21020,20943.8,21083.9,20952.1,21123.9
2,21250,21161.5,21295.2,21169,21332.4
3,21350,21379.3,21506.6,21385.9,21540.8
4,21620,21597,21717.9,21602.8,21749.3
5,21820,21814.7,21929.3,21819.7,21957.7
6,21980,22032.5,22140.6,22036.7,22166.2
7,22190,22250.2,22352,22253.6,22374.7
8,22410,22467.9,22563.4,22470.5,22583.1
9,22570,22685.7,22774.7,22687.4,22791.6
10,22830,22903.4,22986.1,22904.4,23000
11,23050,23121.1,23197.4,23121.3,23208.5
12,23320,23338.9,23408.8,23338.2,23416.9
1,23620,23556.6,23620.2,23555.1,23625.4
2,23840,23774.3,23831.5,23772.1,23833.8
3,24060,23992.1,24042.9,23989,24042.3
4,24290,24209.8,24254.2,24205.9,24250.7
5,24490,24427.6,24465.6,24422.8,24459.2
6,24690,24645.3,24677,24639.7,24667.6
7,24890,24863,24888.3,24856.7,24876.1
8,25130,25080.8,25099.7,25073.6,25084.5
9,25200,25298.5,25311,25290.5,25293
10,25470,25516.2,25522.4,25507.4,25501.4
11,25680,25734,25733.7,25724.4,25709.9
12,25950,25951.7,25945.1,25941.3,25918.3
1,26190,26111.2,26299.3,26163.9,26335.3
2,26390,26332.4,26509.2,26380.5,26543.7
3,26550,26553.7,26719,26597.1,26752.2
4,26770,26774.9,26928.9,26813.7,26960.6
5,26980,26996.1,27138.7,27030.4,27169.1
6,27170,27217.3,27348.6,27247,27377.5
7,27370,27438.5,27558.4,27463.6,27586
8,27640,27659.8,27768.3,27680.2,27794.4
9,27730,27881,27978.1,27896.8,28002.9
10,27970,28102.2,28188,28113.5,28211.3
11,28200,28323.4,28397.8,28330.1,28419.8
12,28510,28544.7,28607.7,28546.7,28628.2
2,28920,28765.9,28817.5,28763.3,28836.7
1,29150,28987.1,29027.4,28979.9,29045.1
3,29270,29208.3,29237.2,29196.5,29253.6
5,29490,29429.6,29447.1,29413.2,29462
4,29720,29650.8,29656.9,29629.8,29670.5
7,29870,29872,29866.8,29846.4,29878.9
6,30100,30093.2,30076.6,30063,30087.4
9,30290,30314.5,30286.5,30279.6,30295.9
8,30530,30535.7,30496.3,30496.3,30504.3
11,30770,30756.9,30706.2,30712.9,30712.8
10,30980,30978.1,30916,30929.5,30921.2
12,31160,31199.3,31125.9,31146.1,31129.7
2,31390,31323.5,31482.5,31350,31546.6
3,31460,31541.9,31691,31565.3,31755
1,31760,31760.3,31899.4,31780.7,31963.5
4,31990,31978.6,32107.9,31996.1,32171.9
5,32190,32197,32316.3,32211.4,32380.4
6,32380,32415.3,32524.8,32426.8,32588.8
7,32580,32633.7,32733.3,32642.2,32797.3
8,32780,32852.1,32941.7,32857.5,33005.7
9,32950,33070.4,33150.2,33072.9,33214.2
10,33210,33288.8,33358.6,33288.3,33422.6
11,33480,33507.1,33567.1,33503.6,33631.1
12,33660,33725.5,33775.6,33719,33839.5
3,34000,33943.9,33984,33934.3,34048
2,34290,34162.2,34192.5,34149.7,34256.5
4,34440,34380.6,34401,34365.1,34464.9
1,34670,34598.9,34609.4,34580.4,34673.4
6,34800,34817.3,34817.9,34795.8,34881.8
5,35060,35035.6,35026.3,35011.2,35090.3
8,35270,35254,35234.8,35226.5,35298.7
7,35470,35472.4,35443.3,35441.9,35507.2
9,35680,35690.7,35651.7,35657.3,35715.6
11,35880,35909.1,35860.2,35872.6,35924.1
10,36140,36127.4,36068.6,36088,36132.5
12,36310,36345.8,36277.1,36303.4,36341
3,36500,36468.6,36639.2,36494,36757.9
2,36570,36687.3,36846.6,36709.7,36966.3
4,36920,36905.9,37054,36925.5,37174.8
6,37120,37124.6,37261.4,37141.2,37383.2
1,37370,37343.2,37468.7,37356.9,37591.7
8,37550,37561.9,37676.1,37572.7,37800.1
5,37750,37780.5,37883.5,37788.4,38008.6
9,37910,37999.2,38090.9,38004.2,38217.1
7,38130,38217.8,38298.3,38219.9,38425.5
10,38320,38436.4,38505.6,38435.6,38634
11,38550,38655.1,38713,38651.4,38842.4
12,38800,38873.7,38920.4,38867.1,39050.9
2,39210,39092.4,39127.8,39082.9,39259.3
4,39330,39311,39335.2,39298.6,39467.8
3,39580,39529.7,39542.5,39514.4,39676.2
1,39850,39748.3,39749.9,39730.1,39884.7
6,40030,39967,39957.3,39945.8,40093.1
5,40220,40185.6,40164.7,40161.6,40301.6
8,40420,40404.2,40372.1,40377.3,40510
7,40690,40622.9,40579.4,40593.1,40718.5
9,40880,40841.5,40786.8,40808.8,40926.9
11,41030,41060.2,40994.2,41024.5,41135.4
10,41200,41278.8,41201.6,41240.3,41343.8
12,41470,41497.5,41409,41456,41552.3
4,41660,41635.3,41804.8,41669.3,41969.2
2,41900,41855.4,42012.1,41886.3,42177.7
3,42050,42075.5,42219.4,42103.2,42386.1
6,42280,42295.6,42426.7,42320.2,42594.6
1,42550,42515.8,42634,42537.2,42803
8,42770,42735.9,42841.3,42754.2,43011.5
5,42960,42956,43048.7,42971.2,43219.9
9,43110,43176.1,43256,43188.2,43428.4
7,43340,43396.2,43463.3,43405.1,43636.8
10,43490,43616.3,43670.6,43622.1,43845.3
11,43670,43836.5,43877.9,43839.1,44053.7
12,43920,44056.6,44085.2,44056.1,44262.2
4,44360,44276.7,44292.6,44273.1,44470.6
3,44550,44496.8,44499.9,44490.1,44679.1
2,44790,44716.9,44707.2,44707,44887.5
1,45000,44937,44914.5,44924,45096
6,45220,45157.1,45121.8,45141,45304.4
5,45410,45377.3,45329.2,45358,45512.9
8,45640,45597.4,45536.5,45575,45721.4
7,45900,45817.5,45743.8,45792,45929.8
9,46120,46037.6,45951.1,46008.9,46138.3
11,46210,46257.7,46158.4,46225.9,46346.7
10,46390,46477.8,46365.7,46442.9,46555.2
12,46660,46698,46573.1,46659.9,46763.6
3,46860,46845.6,46990.3,46882.7,47180.5
4,47100,47065.2,47198,47099.2,47389
2,47360,47284.7,47405.8,47315.7,47597.4
6,47510,47504.2,47613.6,47532.2,47805.9
1,47750,47723.7,47821.3,47748.7,48014.3
8,47970,47943.2,48029.1,47965.2,48222.8
5,48160,48162.7,48236.9,48181.7,48431.2
9,48300,48382.3,48444.7,48398.2,48639.7
7,48530,48601.8,48652.4,48614.7,48848.1
10,48670,48821.3,48860.2,48831.2,49056.6
11,48930,49040.8,49068,49047.7,49265
12,49170,49260.3,49275.7,49264.2,49473.5
4,49610,49479.8,49483.5,49480.8,49682
3,49840,49699.4,49691.3,49697.3,49890.4
6,50000,49918.9,49899,49913.8,50098.9
2,50250,50138.4,50106.8,50130.3,50307.3
8,50440,50357.9,50314.6,50346.8,50515.8
1,50590,50577.4,50522.4,50563.3,50724.2
9,50820,50796.9,50730.1,50779.8,50932.7
5,51000,51016.5,50937.9,50996.3,51141.1
10,51200,51236,51145.7,51212.8,51349.6
7,51410,51455.5,51353.4,51429.3,51558
11,51590,51675,51561.2,51645.8,51766.5
12,51880,51894.5,51769,51862.3,51974.9
4,52100,52031.4,52169.5,52054,52391.8
6,52310,52249.6,52377.2,52270.1,52600.3
3,52520,52467.8,52584.9,52486.2,52808.7
8,52750,52685.9,52792.6,52702.3,53017.2
2,52960,52904.1,53000.3,52918.4,53225.6
9,53030,53122.3,53208,53134.5,53434.1
1,53130,53340.4,53415.7,53350.6,53642.6
10,53460,53558.6,53623.4,53566.7,53851
5,53710,53776.8,53831.1,53782.8,54059.5
11,53870,53994.9,54038.9,53998.9,54267.9
7,54090,54213.1,54246.6,54215,54476.4
12,54320,54431.3,54454.3,54431.1,54684.8
6,54730,54649.4,54662,54647.2,54893.3
4,54980,54867.6,54869.7,54863.3,55101.7
3,55230,55085.8,55077.4,55079.4,55310.2
2,55460,55303.9,55285.1,55295.5,55518.6
8,55680,55522.1,55492.8,55511.6,55727.1
1,55770,55740.3,55700.5,55727.7,55935.5
9,56000,55958.4,55908.2,55943.9,56144
5,56180,56176.6,56115.9,56160,56352.4
10,56400,56394.8,56323.6,56376.1,56560.9
7,56530,56612.9,56531.3,56592.2,56769.3
11,56740,56831.1,56739.1,56808.3,56977.8
12,56990,57049.3,56946.8,57024.4,57186.2
6,57270,57206,57352.9,57240,57603.2
3,57470,57424.9,57560.7,57456.3,57811.6
4,57700,57643.8,57768.5,57672.7,58020.1
8,57950,57862.8,57976.3,57889,58228.5
2,58150,58081.7,58184.1,58105.4,58437
9,58270,58300.7,58391.9,58321.7,58645.4
1,58390,58519.6,58599.7,58538,58853.9
10,58670,58738.6,58807.5,58754.4,59062.3
5,58910,58957.5,59015.3,58970.7,59270.8
11,59010,59176.5,59223.1,59187.1,59479.2
7,59250,59395.4,59430.9,59403.4,59687.7
12,59480,59614.3,59638.7,59619.7,59896.1
3,59940,59833.3,59846.5,59836.1,60104.6
6,60200,60052.2,60054.3,60052.4,60313
4,60390,60271.2,60262.1,60268.8,60521.5
2,60610,60490.1,60469.9,60485.1,60729.9
8,60830,60709.1,60677.7,60701.4,60938.4
1,60960,60928,60885.5,60917.8,61146.8
9,61250,61146.9,61093.3,61134.1,61355.3
5,61350,61365.9,61301.1,61350.5,61563.8
10,61560,61584.8,61508.9,61566.8,61772.2
7,61760,61803.8,61716.7,61783.1,61980.7
11,61920,62022.7,61924.5,61999.5,62189.1
12,62180,62241.7,62132.3,62215.8,62397.6
3,62370,62385.7,62534.6,62418.9,62814.5
4,62620,62604.9,62742.4,62635.2,63022.9
6,62830,62824.1,62950.2,62851.4,63231.4
8,63070,63043.2,63158,63067.7,63439.8
2,63310,63262.4,63365.8,63283.9,63648.3
9,63510,63481.6,63573.7,63500.2,63856.7
1,63620,63700.8,63781.5,63716.4,64065.2
10,63830,63919.9,63989.3,63932.7,64273.6
5,64100,64139.1,64197.1,64148.9,64482.1
11,64230,64358.3,64405,64365.2,64690.5
7,64460,64577.5,64612.8,64581.5,64899
12,64720,64796.7,64820.6,64797.7,65107.5
4,65140,65015.8,65028.4,65014,65315.9
3,65370,65235,65236.2,65230.2,65524.4
8,65560,65454.2,65444.1,65446.5,65732.8
6,65780,65673.4,65651.9,65662.7,65941.3
9,66020,65892.5,65859.7,65879,66149.7
2,66140,66111.7,66067.5,66095.2,66358.2
10,66360,66330.9,66275.3,66311.5,66566.6
1,66510,66550.1,66483.2,66527.7,66775.1
11,66720,66769.2,66691,66744,66983.5
5,66960,66988.4,66898.8,66960.2,67192
7,67140,67207.6,67106.6,67176.5,67400.4
12,67370,67426.8,67314.4,67392.7,67608.9
3,67570,67566.4,67718,67597.7,68025.8
4,67860,67786,67925.9,67814.5,68234.2
8,68000,68005.6,68133.8,68031.2,68442.7
9,68190,68225.3,68341.7,68248,68651.1
6,68480,68444.9,68549.6,68464.7,68859.6
10,68610,68664.5,68757.5,68681.5,69068.1
2,68920,68884.2,68965.4,68898.3,69276.5
11,69070,69103.8,69173.3,69115,69485
1,69210,69323.4,69381.2,69331.8,69693.4
7,69420,69543.1,69589.1,69548.5,69901.9
5,69680,69762.7,69797,69765.3,70110.3
12,69880,69982.3,70004.9,69982,70318.8
3,70310,70202,70212.8,70198.8,70527.2
8,70520,70421.6,70420.7,70415.6,70735.7
4,70740,70641.2,70628.6,70632.3,70944.1
6,70950,70860.9,70836.5,70849.1,71152.6
9,71120,71080.5,71044.4,71065.8,71361
2,71360,71300.1,71252.3,71282.6,71569.5
10,71490,71519.8,71460.2,71499.3,71777.9
1,71690,71739.4,71668.1,71716.1,71986.4
11,71930,71959,71876,71932.9,72194.8
5,72190,72178.7,72083.9,72149.6,72403.3
7,72350,72398.3,72291.8,72366.4,72611.7
12,72630,72617.9,72499.7,72583.1,72820.2
8,72860,72762.6,72911.1,72793.7,73237.1
3,72950,72982.5,73119.3,73011,73445.6
4,73210,73202.5,73327.4,73228.3,73654
9,73430,73422.5,73535.6,73445.6,73862.5
6,73640,73642.4,73743.8,73662.8,74070.9
10,73790,73862.4,73952,73880.1,74279.4
2,74060,74082.4,74160.2,74097.4,74487.8
11,74280,74302.3,74368.4,74314.7,74696.3
1,74370,74522.3,74576.5,74532,74904.7
7,74640,74742.3,74784.7,74749.3,75113.2
5,74940,74962.2,74992.9,74966.6,75321.6
12,75130,75182.2,75201.1,75183.9,75530.1
8,75540,75402.2,75409.3,75401.1,75738.5
4,75750,75622.2,75617.5,75618.4,75947
3,76000,75842.1,75825.7,75835.7,76155.4
6,76190,76062.1,76033.8,76053,76363.9
9,76350,76282.1,76242,76270.3,76572.3
2,76520,76502,76450.2,76487.6,76780.8
10,76690,76722,76658.4,76704.9,76989.3
1,76840,76942,76866.6,76922.2,77197.7
11,77110,77161.9,77074.8,77139.4,77406.2
5,77320,77381.9,77282.9,77356.7,77614.6
7,77600,77601.9,77491.1,77574,77823.1
12,77810,77821.8,77699.3,77791.3,78031.5
4,78050,77968.2,78114.5,78003.8,78448.4
8,78240,78188.5,78323,78221.1,78656.9
3,78460,78408.8,78531.6,78438.3,78865.3
9,78600,78629.1,78740.1,78655.6,79073.8
6,78840,78849.4,78948.7,78872.9,79282.2
10,78980,79069.7,79157.2,79090.2,79490.7
2,79270,79290,79365.8,79307.5,79699.1
11,79460,79510.3,79574.3,79524.7,79907.6
1,79530,79730.6,79782.9,79742,80116
7,79850,79951,79991.4,79959.3,80324.5
5,80160,80171.3,80200,80176.6,80532.9
12,80310,80391.6,80408.5,80393.9,80741.4
8,80770,80611.9,80617.1,80611.1,80949.9
4,81000,80832.2,80825.6,80828.4,81158.3
9,81180,81052.5,81034.2,81045.7,81366.8
3,81380,81272.8,81242.7,81263,81575.2
10,81520,81493.1,81451.3,81480.3,81783.7
6,81700,81713.4,81659.8,81697.5,81992.1
11,81930,81933.7,81868.4,81914.8,82200.6
2,82210,82154.1,82076.9,82132.1,82409
7,82320,82374.4,82285.5,82349.4,82617.5
1,82520,82594.7,82494.1,82566.7,82825.9
5,82730,82815,82702.6,82783.9,83034.4
12,83050,83035.3,82911.2,83001.2,83242.8
8,83240,83175.6,83319.5,83206.2,83659.7
9,83430,83395.5,83528.2,83423.4,83868.2
4,83660,83615.5,83736.9,83640.6,84076.6
10,83840,83835.4,83945.6,83857.8,84285.1
3,84050,84055.4,84154.3,84075,84493.5
11,84280,84275.4,84363,84292.2,84702
6,84440,84495.3,84571.7,84509.5,84910.5
7,84640,84715.3,84780.4,84726.7,85118.9
2,84880,84935.2,84989.1,84943.9,85327.4
5,85130,85155.2,85197.8,85161.1,85535.8
1,85240,85375.2,85406.5,85378.3,85744.3
12,85470,85595.1,85615.2,85595.6,85952.7
9,85830,85815.1,85823.9,85812.8,86161.2
8,86120,86035,86032.6,86030,86369.6
4,86360,86255,86241.3,86247.2,86578.1
3,86560,86475,86450,86464.4,86786.5
10,86700,86694.9,86658.7,86681.6,86995
6,86960,86914.9,86867.4,86898.9,87203.4
11,87130,87134.8,87076.1,87116.1,87411.9
2,87400,87354.8,87284.8,87333.3,87620.3
7,87550,87574.8,87493.5,87550.5,87828.8
1,87740,87794.7,87702.2,87767.7,88037.2
5,87980,88014.7,87910.9,87985,88245.7
12,88270,88234.6,88119.6,88202.2,88454.2
9,88440,88372.3,88526.9,88406.6,88871.1
4,88590,88593.3,88735.7,88624.4,89079.5
8,88800,88814.2,88944.6,88842.2,89288
10,88980,89035.2,89153.5,89060,89496.4
3,89170,89256.1,89362.3,89277.8,89704.9
11,89450,89477.1,89571.2,89495.6,89913.3
6,89650,89698.1,89780,89713.4,90121.8
7,89870,89919,89988.9,89931.2,90330.2
2,90100,90140,90197.8,90149,90538.7
5,90350,90360.9,90406.6,90366.8,90747.1
1,90560,90581.9,90615.5,90584.6,90955.6
12,90720,90802.9,90824.3,90802.4,91164
4,91150,91023.8,91033.2,91020.1,91372.5
9,91400,91244.8,91242.1,91237.9,91580.9
8,91550,91465.7,91450.9,91455.7,91789.4
3,91750,91686.7,91659.8,91673.5,91997.8
10,91930,91907.7,91868.6,91891.3,92206.3
6,92160,92128.6,92077.5,92109.1,92414.8
11,92340,92349.6,92286.4,92326.9,92623.2
2,92560,92570.5,92495.2,92544.7,92831.7
7,92750,92791.5,92704.1,92762.5,93040.1
1,92950,93012.5,92912.9,92980.3,93248.6
5,93210,93233.4,93121.8,93198.1,93457
12,93440,93454.4,93330.7,93415.9,93665.5
4,93580,93591.3,93746.2,93630.4,94082.4
8,93890,93813.1,93955.5,93848.7,94290.8
9,94110,94034.9,94164.7,94066.9,94499.3
10,94230,94256.7,94374,94285.2,94707.7
3,94390,94478.5,94583.2,94503.5,94916.2
11,94650,94700.3,94792.5,94721.7,95124.6
6,94850,94922.1,95001.7,94940,95333.1
7,95040,95143.9,95211,95158.2,95541.5
2,95320,95365.8,95420.3,95376.5,95750
5,95570,95587.6,95629.5,95594.8,95958.4
1,95750,95809.4,95838.8,95813,96166.9
12,95900,96031.2,96048,96031.3,96375.4
8,96400,96253,96257.3,96249.5,96583.8
4,96610,96474.8,96466.5,96467.8,96792.3
10,96790,96696.6,96675.8,96686.1,97000.7
9,97090,96918.4,96885,96904.3,97209.2
11,97200,97140.2,97094.3,97122.6,97417.6
3,97370,97362,97303.6,97340.9,97626.1
7,97530,97583.8,97512.8,97559.1,97834.5
6,97760,97805.6,97722.1,97777.4,98043
5,98000,98027.4,97931.3,97995.6,98251.4
2,98240,98249.2,98140.6,98213.9,98459.9
1,98460,98471,98349.8,98432.2,98668.3
12,98640,98692.9,98559.1,98650.4,98876.8
4,98900,98820.7,98973.4,98861.2,99293.7
10,99080,99042.7,99183,99079.3,99502.1
8,99090,99264.7,99392.6,99297.5,99710.6
11,99530,99486.7,99602.2,99515.7,99919
9,99750,99708.7,99811.8,99733.8,100128
7,99910,99930.7,100021,99952,100336
3,100090,100153,100231,100170,100544
5,100330,100375,100441,100388,100753
6,100510,100597,100650,100606,100961
1,100730,100819,100860,100825,101170
2,100980,101041,101069,101043,101378
12,101160,101263,101279,101261,101587
4,101580,101485,101489,101479,101795
10,101770,101707,101698,101697,102004
8,101950,101929,101908,101915,102212
9,102310,102151,102117,102134,102420
11,102450,102373,102327,102352,102629
3,102640,102595,102537,102570,102837
7,102830,102817,102746,102788,103046
6,103020,103039,102956,103006,103254
5,103260,103261,103165,103224,103463
2,103480,103483,103375,103442,103671
1,103660,103705,103585,103661,103880
12,103870,103927,103794,103879,104088
10,103940,104041,104202,104071,104505
4,104280,104264,104412,104291,104713
8,104500,104486,104621,104510,104922
11,104710,104709,104831,104729,105130
9,104900,104931,105041,104949,105339
7,105110,105154,105251,105168,105547
3,105330,105377,105461,105388,105756
5,105510,105599,105670,105607,105964
6,105770,105822,105880,105826,106173
1,106000,106045,106090,106046,106381
2,106230,106267,106300,106265,106590
12,106380,106490,106509,106484,106798
10,106820,106713,106719,106704,107006
8,107020,106935,106929,106923,107215
4,107200,107158,107139,107143,107423
9,107530,107380,107349,107362,107632
11,107640,107603,107558,107581,107840
3,107860,107826,107768,107801,108049
7,108040,108048,107978,108020,108257
6,108290,108271,108188,108240,108466
5,108520,108494,108398,108459,108674
2,108730,108716,108607,108678,108883
1,108920,108939,108817,108898,109091
12,109030,109161,109027,109117,109299
8,109370,109301,109461,109360,109716
10,109520,109525,109672,109580,109925
4,109740,109749,109882,109799,110133
11,109970,109974,110093,110018,110342
9,110190,110198,110304,110238,110550
7,110420,110423,110514,110457,110759
3,110610,110647,110725,110676,110967
5,110850,110871,110936,110896,111175
6,111030,111096,111146,111115,111384
1,111330,111320,111357,111335,111592
2,111500,111545,111568,111554,111801
12,111650,111769,111779,111773,112009
10,112060,111993,111989,111993,112218
8,112300,112218,112200,112212,112426
11,112470,112442,112411,112431,112635
4,112770,112667,112621,112651,112843
7,112940,112891,112832,112870,113052
9,113190,113115,113043,113089,113260
5,113320,113340,113253,113309,113468
3,113590,113564,113464,113528,113677
1,113840,113789,113675,113748,113885
6,113920,114013,113885,113967,114094
2,114190,114237,114096,114186,114302
12,114420,114462,114307,114406,114511
10,114610,114576,114708,114596,114928
11,114820,114797,114918,114814,115136
8,115070,115017,115129,115032,115345
7,115260,115237,115339,115251,115553
4,115450,115457,115550,115469,115761
5,115670,115678,115760,115687,115970
9,115800,115898,115970,115905,116178
1,116040,116118,116181,116124,116387
3,116230,116338,116391,116342,116595
2,116480,116559,116602,116560,116804
6,116690,116779,116812,116778,117012
12,116930,116999,117023,116997,117221
11,117290,117220,117233,117215,117429
10,117560,117440,117444,117433,117638
8,117770,117660,117654,117651,117846
4,117930,117880,117864,117870,118054
7,118170,118101,118075,118088,118263
9,118390,118321,118285,118306,118471
5,118580,118541,118496,118524,118680
3,118700,118762,118706,118743,118888
1,118940,118982,118917,118961,119097
6,119200,119202,119127,119179,119305
2,119370,119422,119338,119397,119514
12,119590,119643,119548,119616,119722
11,119840,119781,119948,119826,120139
8,120040,120004,120158,120044,120347
10,120240,120226,120368,120263,120556
7,120450,120449,120579,120482,120764
4,120720,120671,120789,120701,120973
5,120920,120894,120999,120919,121181
9,121070,121116,121209,121138,121390
1,121250,121339,121420,121357,121598
3,121480,121561,121630,121576,121807
2,121690,121783,121840,121794,122015
6,121880,122006,122050,122013,122223
12,122070,122228,122261,122232,122432
8,122520,122451,122471,122451,122640
11,122750,122673,122681,122669,122849
10,123000,122896,122892,122888,123057
4,123220,123118,123102,123107,123266
7,123380,123341,123312,123326,123474
9,123730,123563,123522,123544,123683
5,123810,123785,123733,123763,123891
3,124020,124008,123943,123982,124100
1,124280,124230,124153,124201,124308
6,124460,124453,124363,124419,124516
2,124610,124675,124574,124638,124725
12,124760,124898,124784,124857,124933
8,125030,125019,125190,125065,125350
10,125240,125243,125400,125284,125559
11,125480,125467,125611,125504,125767
7,125670,125690,125821,125723,125976
4,125910,125914,126032,125942,126184
5,126170,126137,126242,126162,126393
9,126310,126361,126452,126381,126601
1,126520,126585,126663,126600,126809
3,126790,126808,126873,126820,127018
2,126940,127032,127083,127039,127226
6,127150,127255,127294,127258,127435
12,127350,127479,127504,127478,127643
10,127790,127703,127714,127697,127852
8,128000,127926,127925,127917,128060
7,128250,128150,128135,128136,128269
11,128400,128373,128346,128355,128477
5,128610,128597,128556,128575,128686
4,128860,128821,128766,128794,128894
1,129160,129044,128977,129013,129102
9,129250,129268,129187,129233,129311
2,129480,129491,129397,129452,129519
3,129720,129715,129608,129671,129728
6,129880,129939,129818,129891,129936
12,130140,130162,130028,130110,130145
8,130290,130280,130444,130324,130562
10,130550,130504,130654,130544,130770
7,130770,130728,130865,130764,130978
5,130950,130952,131076,130984,131187
11,131100,131176,131287,131203,131395
1,131330,131400,131497,131423,131604
4,131640,131624,131708,131643,131812
2,131840,131847,131919,131863,132021
9,131910,132071,132129,132083,132229
6,132160,132295,132340,132302,132438
3,132500,132519,132551,132522,132646
12,132630,132743,132761,132742,132855
8,133020,132967,132972,132962,133063
7,133280,133191,133183,133181,133271
10,133510,133414,133394,133401,133480
11,133720,133638,133604,133621,133688
5,133930,133862,133815,133841,133897
4,134200,134086,134026,134060,134105
1,134460,134310,134236,134280,134314
9,134520,134534,134447,134500,134522
2,134700,134758,134658,134720,134731
3,134920,134981,134868,134939,134939
6,135150,135205,135079,135159,135148
12,135360,135429,135290,135379,135356
7,135560,135554,135706,135597,135773
8,135790,135777,135916,135816,135981
10,136030,136000,136127,136036,136190
5,136290,136223,136338,136255,136398
11,136440,136446,136549,136474,136607
1,136750,136669,136760,136693,136815
4,136950,136892,136971,136912,137024
2,137080,137115,137182,137132,137232
9,137220,137337,137393,137351,137441
6,137490,137560,137604,137570,137649
3,137730,137783,137815,137789,137857
12,137870,138006,138026,138008,138066
7,138220,138229,138237,138228,138274
10,138480,138452,138448,138447,138483
8,138660,138675,138659,138666,138691
11,138900,138898,138870,138885,138900
5,139150,139121,139081,139104,139108
4,139400,139344,139292,139323,139317
1,139630,139567,139503,139543,139525
9,139850,139790,139713,139762,139734
2,139990,140013,139924,139981,139942
3,140290,140236,140135,140200,140150
6,140460,140459,140346,140419,140359
12,140600,140682,140557,140639,140567
10,140810,140792,140957,140848,140984
7,140990,141016,141168,141066,141193
8,141210,141239,141379,141284,141401
5,141510,141462,141590,141502,141610
11,141640,141685,141800,141720,141818
1,141840,141909,142011,141938,142026
4,142150,142132,142222,142156,142235
2,142320,142355,142433,142374,142443
9,142550,142578,142644,142592,142652
6,142740,142802,142854,142810,142860
3,143040,143025,143065,143028,143069
12,143080,143248,143276,143246,143277
7,143460,143471,143487,143464,143486
10,143750,143695,143698,143682,143694
5,143980,143918,143908,143900,143903
8,144220,144141,144119,144118,144111
1,144480,144364,144330,144336,144319
11,144570,144588,144541,144554,144528
2,144860,144811,144752,144772,144736
4,145010,145034,144962,144990,144945
6,145230,145257,145173,145208,145153
9,145470,145481,145384,145426,145362
3,145760,145704,145595,145644,145570
12,145850,145927,145806,145862,145779
7,146010,146021,146187,146059,146196
5,146330,146243,146397,146277,146404
10,146450,146465,146607,146495,146612
1,146640,146686,146817,146713,146821
8,146930,146908,147027,146931,147029
2,147130,147130,147237,147148,147238
11,147270,147352,147448,147366,147446
6,147580,147574,147658,147584,147655
4,147700,147796,147868,147802,147863
9,147970,148018,148078,148020,148072
3,147980,148239,148288,148237,148280
12,148350,148461,148498,148455,148489
5,148730,148683,148708,148673,148697
7,148990,148905,148919,148891,148905
10,149220,149127,149129,149109,149114
1,149460,149349,149339,149327,149322
8,149480,149571,149549,149544,149531
11,149810,149792,149759,149762,149739
2,150060,150014,149969,149980,149948
4,150240,150236,150179,150198,150156
6,150460,150458,150389,150416,150365
9,150710,150680,150600,150633,150573
3,150950,150902,150810,150851,150782
12,151090,151124,151020,151069,150990
5,151340,151240,151411,151287,151407
10,151570,151462,151620,151505,151615
7,151720,151684,151830,151723,151824
1,151760,151906,152040,151941,152032
8,152090,152128,152250,152158,152241
2,152310,152349,152459,152376,152449
11,152480,152571,152669,152594,152658
6,152710,152793,152879,152812,152866
4,153020,153015,153088,153030,153074
3,153250,153237,153298,153248,153283
9,153440,153459,153508,153465,153491
12,153560,153681,153718,153683,153700
10,154160,153903,153927,153901,153908
5,154330,154125,154137,154119,154117
1,154350,154347,154347,154337,154325
7,154440,154569,154557,154554,154534
8,154730,154791,154766,154772,154742
11,154970,155013,154976,154990,154951
2,155250,155235,155186,155208,155159
4,155410,155457,155395,155426,155367
6,155670,155679,155605,155644,155576
9,155950,155901,155815,155861,155784
3,156160,156123,156025,156079,155993
12,156340,156344,156234,156297,156201
10,156620,156452,156625,156504,156618
7,156770,156674,156834,156721,156827
1,156870,156896,157044,156939,157035
5,157040,157118,157253,157156,157244
8,157260,157340,157463,157373,157452
2,157490,157562,157672,157590,157660
11,157650,157784,157881,157807,157869
6,157890,158006,158091,158025,158077
4,158160,158228,158300,158242,158286
3,158410,158450,158509,158459,158494
9,158560,158672,158719,158676,158703
12,158820,158894,158928,158893,158911
7,159230,159116,159138,159111,159120
10,159550,159338,159347,159328,159328
1,159620,159560,159556,159545,159537
5,159870,159782,159766,159762,159745
2,160130,160004,159975,159979,159953
8,160270,160226,160184,160197,160162
6,160420,160448,160394,160414,160370
11,160620,160670,160603,160631,160579
3,160860,160892,160813,160848,160787
4,161130,161114,161022,161065,160996
9,161300,161336,161231,161283,161204
12,161510,161558,161441,161500,161413
1,161720,161653,161829,161694,161829
10,161820,161875,162038,161912,162038
7,161970,162097,162247,162129,162246
2,162330,162319,162456,162347,162455
5,162650,162541,162665,162565,162663
6,162870,162763,162874,162783,162872
8,162970,162985,163083,163001,163080
3,163140,163207,163292,163219,163289
11,163350,163429,163501,163437,163497
9,163540,163651,163710,163655,163706
4,163840,163873,163919,163873,163914
12,164040,164095,164128,164091,164122
1,164300,164317,164337,164309,164331
10,164530,164538,164546,164527,164539
7,164700,164760,164755,164745,164748
5,164990,164982,164964,164963,164956
2,165220,165204,165173,165181,165165
8,165430,165426,165382,165399,165373
6,165710,165648,165591,165617,165582
11,165940,165870,165800,165835,165790
3,166080,166092,166009,166053,165999
4,166360,166314,166218,166271,166207
9,166580,166536,166427,166488,166415
12,166720,166758,166636,166706,166624
1,166910,166871,167051,166925,167041
10,167170,167095,167261,167144,167249
7,167240,167319,167470,167364,167458
2,167480,167543,167680,167583,167666
5,167690,167766,167889,167802,167875
6,167940,167990,168099,168021,168083
8,168130,168214,168308,168240,168292
3,168370,168438,168518,168460,168500
11,168630,168662,168727,168679,168708
9,168780,168886,168936,168898,168917
4,169060,169110,169146,169117,169125
12,169210,169334,169355,169336,169334
7,169910,169557,169565,169555,169542
1,170120,169781,169774,169775,169751
10,170120,170005,169984,169994,169959
5,170330,170229,170193,170213,170168
2,170550,170453,170402,170432,170376
8,170660,170677,170612,170651,170585
6,170850,170901,170821,170871,170793
11,171120,171125,171031,171090,171001
3,171270,171348,171240,171309,171210
4,171520,171572,171450,171528,171418
9,171720,171796,171659,171747,171627
12,171920,172020,171869,171966,171835
7,172210,172159,172292,172188,172252
1,172500,172379,172502,172407,172461
2,172860,172599,172712,172625,172669
10,173020,172820,172922,172844,172877
5,173080,173040,173132,173063,173086
6,173260,173260,173341,173281,173294
8,173390,173481,173551,173500,173503
3,173560,173701,173761,173719,173711
11,173800,173921,173971,173937,173920
9,173970,174142,174181,174156,174128
4,174230,174362,174390,174375,174337
12,174450,174582,174600,174594,174545
1,174870,174803,174810,174812,174754
7,175090,175023,175020,175031,174962
2,175360,175244,175230,175250,175170
10,175530,175464,175440,175468,175379
6,175750,175684,175649,175687,175587
5,176020,175905,175859,175906,175796
3,176190,176125,176069,176125,176004
8,176380,176345,176279,176343,176213
9,176500,176566,176489,176562,176421
11,176720,176786,176698,176781,176630
4,176920,177006,176908,176999,176838
12,177210,177227,177118,177218,177047
1,177440,177363,177528,177415,177463
2,177680,177586,177738,177633,177672
7,177870,177808,177948,177852,177880
6,178060,178031,178158,178070,178089
10,178170,178253,178368,178288,178297
3,178510,178475,178578,178507,178506
5,178690,178698,178788,178725,178714
9,178790,178920,178997,178943,178923
8,179040,179143,179207,179162,179131
4,179270,179365,179417,179380,179340
11,179440,179588,179627,179598,179548
12,179700,179810,179837,179817,179756
2,180160,180032,180047,180035,179965
1,180410,180255,180257,180253,180173
7,180580,180477,180467,180472,180382
10,180790,180700,180677,180690,180590
6,180920,180922,180887,180908,180799
5,181250,181144,181097,181127,181007
3,181510,181367,181307,181345,181216
9,181680,181589,181517,181563,181424
8,181690,181812,181727,181782,181632
11,181970,182034,181937,182000,181841
4,182190,182257,182147,182218,182049
12,182410,182479,182357,182437,182258
2,182640,182602,182766,182654,182675
7,182870,182824,182976,182873,182883
1,183110,183047,183186,183091,183092
6,183310,183270,183396,183309,183300
10,183440,183493,183606,183527,183509
3,183770,183716,183817,183746,183717
5,183920,183939,184027,183964,183925
9,184040,184162,184237,184182,184134
8,184300,184384,184447,184401,184342
4,184530,184607,184657,184619,184551
11,184680,184830,184867,184837,184759
12,184950,185053,185077,185055,184968
7,185360,185276,185287,185274,185176
2,185610,185499,185497,185492,185385
1,185860,185722,185707,185710,185593
10,185950,185944,185918,185929,185802
6,186150,186167,186128,186147,186010
5,186430,186390,186338,186365,186218
3,186660,186613,186548,186583,186427
8,186900,186836,186758,186802,186635
9,187050,187059,186968,187020,186844
11,187230,187282,187178,187238,187052
4,187500,187504,187388,187457,187261
12,187690,187727,187598,187675,187469
7,187890,187842,187997,187887,187886
1,188100,188064,188207,188104,188095
2,188360,188285,188416,188322,188303
6,188500,188506,188626,188539,188511
10,188630,188728,188836,188756,188720
3,188960,188949,189046,188973,188928
5,189190,189170,189256,189191,189137
9,189270,189391,189466,189408,189345
8,189540,189613,189676,189625,189554
4,189750,189834,189886,189843,189762
11,189960,190055,190095,190060,189971
12,190190,190276,190305,190277,190179
1,190600,190498,190515,190494,190388
7,190840,190719,190725,190712,190596
6,191070,190940,190935,190929,190804
2,191300,191162,191145,191146,191013
3,191430,191383,191355,191364,191221
10,191520,191604,191565,191581,191430
9,191800,191825,191774,191798,191638
5,192000,192047,191984,192016,191847
4,192260,192268,192194,192233,192055
8,192530,192489,192404,192450,192264
11,192640,192711,192614,192667,192472
12,192930,192932,192824,192885,192680
7,193140,193046,193206,193073,193097
1,193170,193266,193415,193291,193306
6,193560,193486,193625,193509,193514
3,193820,193707,193834,193726,193723
9,193990,193927,194043,193944,193931
2,194050,194147,194252,194162,194140
10,194270,194367,194462,194380,194348
4,194440,194588,194671,194597,194557
5,194690,194808,194880,194815,194765
11,194910,195028,195089,195033,194973
8,195130,195248,195298,195250,195182
12,195410,195469,195508,195468,195390
7,195850,195689,195717,195686,195599
6,196050,195909,195926,195904,195807
1,196270,196129,196135,196121,196016
2,196470,196350,196344,196339,196224
10,196710,196570,196554,196557,196433
3,196750,196790,196763,196775,196641
9,196990,197010,196972,196992,196850
5,197190,197231,197181,197210,197058
4,197420,197451,197390,197428,197266
8,197640,197671,197600,197646,197475
11,197830,197891,197809,197863,197683
12,198100,198112,198018,198081,197892
6,198370,198263,198427,198297,198309
7,198580,198484,198636,198516,198517
1,198820,198706,198846,198736,198726
3,199010,198927,199055,198955,198934
2,199240,199149,199264,199174,199143
9,199350,199370,199474,199394,199351
10,199450,199592,199683,199613,199559
4,199640,199813,199892,199832,199768
5,199910,200035,200101,200052,199976
11,200130,200256,200311,200271,200185
8,200350,200478,200520,200490,200393
12,200580,200700,200729,200710,200602
6,201050,200921,200939,200929,200810
1,201330,201143,201148,201148,201019
7,201530,201364,201357,201367,201227
2,201780,201586,201567,201587,201436
3,201980,201807,201776,201806,201644
10,202010,202029,201985,202025,201852
9,202200,202250,202194,202245,202061
5,202410,202472,202404,202464,202269
4,202680,202693,202613,202683,202478
8,202860,202915,202822,202903,202686
11,203110,203136,203032,203122,202895
12,203290,203358,203241,203341,203103
1,203570,203515,203672,203572,203520
6,203790,203738,203882,203791,203728
7,204030,203961,204092,204010,203937
3,204280,204184,204302,204228,204145
2,204510,204407,204512,204447,204354
9,204590,204630,204722,204666,204562
10,204750,204852,204932,204884,204771
4,204960,205075,205142,205103,204979
5,205190,205298,205352,205322,205188
11,205360,205521,205562,205540,205396
8,205590,205744,205772,205759,205605
12,205830,205967,205982,205978,205813
6,206250,206190,206192,206196,206021
1,206520,206413,206402,206415,206230
7,207080,206636,206612,206634,206438
9,207170,206858,206822,206852,206647
3,207180,207081,207032,207071,206855
2,207400,207304,207242,207290,207064
4,207600,207527,207452,207509,207272
10,207640,207750,207662,207727,207481
5,207880,207973,207872,207946,207689
8,208130,208196,208082,208165,207898
11,208250,208419,208292,208383,208106
12,208540,208641,208502,208602,208314
6,208780,208763,208905,208798,208731
3,208960,208984,209115,209015,208940
1,209320,209204,209325,209233,209148
9,209340,209425,209535,209450,209357
7,209680,209646,209745,209668,209565
4,209920,209866,209955,209885,209774
2,210090,210087,210165,210103,209982
5,210300,210308,210375,210320,210191
10,210380,210529,210585,210537,210399
11,210580,210749,210794,210755,210607
8,210830,210970,211004,210972,210816
12,211050,211191,211214,211190,211024
3,211500,211411,211424,211407,211233
6,211720,211632,211634,211624,211441
1,211980,211853,211844,211842,211650
7,212220,212073,212054,212059,211858
9,212370,212294,212264,212277,212067
2,212580,212515,212474,212494,212275
4,212790,212736,212684,212712,212483
10,212930,212956,212894,212929,212692
5,213160,213177,213104,213146,212900
8,213320,213398,213313,213364,213109
11,213550,213618,213523,213581,213317
12,213810,213839,213733,213799,213526
3,213880,213955,214126,214001,213943
1,214150,214177,214335,214219,214151
6,214400,214399,214545,214437,214360
9,214600,214622,214754,214655,214568
7,214860,214844,214964,214872,214776
4,215070,215066,215174,215090,214985
2,215270,215288,215383,215308,215193
5,215490,215511,215593,215526,215402
10,215670,215733,215803,215743,215610
11,215850,215955,216012,215961,215819
8,216030,216177,216222,216179,216027
12,216310,216400,216432,216397,216236
1,216650,216622,216641,216614,216444
3,217030,216844,216851,216832,216653
6,217170,217067,217060,217050,216861
7,217360,217289,217270,217268,217069
9,217590,217511,217480,217485,217278
2,217810,217733,217689,217703,217486
4,218010,217956,217899,217921,217695
10,218210,218178,218109,218139,217903
5,218390,218400,218318,218356,218112
8,218550,218622,218528,218574,218320
11,218760,218845,218738,218792,218529
12,219020,219067,218947,219010,218737
1,219120,219162,219348,219220,219154
6,219280,219387,219558,219438,219362
3,219620,219611,219767,219657,219571
9,219800,219836,219977,219875,219779
7,220020,220060,220187,220094,219988
4,220280,220284,220397,220312,220196
2,220500,220509,220606,220531,220405
5,220740,220733,220816,220749,220613
10,220850,220957,221026,220968,220822
11,221120,221182,221236,221186,221030
8,221310,221406,221445,221405,221239
12,221550,221631,221655,221623,221447
6,221910,221855,221865,221842,221655
1,222210,222079,222075,222060,221864
9,222290,222304,222284,222279,222072
3,222620,222528,222494,222497,222281
4,222780,222753,222704,222716,222489
7,222950,222977,222913,222934,222698
5,223220,223201,223123,223153,222906
2,223470,223426,223333,223371,223115
11,223620,223650,223543,223590,223323
10,223870,223875,223752,223808,223531
8,224160,224099,223962,224027,223740
12,224290,224323,224172,224245,223948
1,224480,224417,224581,224457,224365
6,224680,224640,224790,224676,224574
9,224750,224863,225000,224895,224782
4,225110,225086,225210,225114,224991
3,225280,225309,225420,225333,225199
5,225510,225532,225630,225552,225408
7,225710,225755,225840,225771,225616
11,225920,225979,226050,225990,225824
2,226110,226202,226260,226209,226033
8,226360,226425,226470,226428,226241
10,226580,226648,226680,226647,226450
12,226830,226871,226890,226866,226658
1,227190,227094,227100,227085,226867
9,227290,227317,227310,227304,227075
6,227610,227540,227520,227523,227284
3,227780,227763,227730,227742,227492
4,228050,227986,227940,227961,227701
7,228260,228209,228149,228180,227909
5,228440,228432,228359,228399,228117
2,228690,228655,228569,228618,228326
11,228880,228878,228779,228837,228534
10,229010,229101,228989,229056,228743
8,229310,229324,229199,229275,228951
12,229580,229547,229409,229494,229160
9,229620,229655,229824,229705,229577
1,229840,229879,230035,229924,229785
6,230110,230103,230245,230144,229994
4,230320,230327,230455,230363,230202
3,230550,230550,230666,230582,230410
5,230830,230774,230876,230802,230619
7,230990,230998,231086,231021,230827
11,231200,231222,231296,231241,231036
2,231410,231446,231507,231460,231244
8,231590,231670,231717,231679,231453
10,231710,231894,231927,231899,231661
12,232100,232118,232138,232118,231870
9,232470,232342,232348,232338,232078
6,232620,232566,232558,232557,232286
1,232830,232790,232769,232776,232495
3,233090,233014,232979,232996,232703
4,233380,233238,233189,233215,232912
7,233520,233462,233399,233435,233120
5,233710,233685,233610,233654,233329
2,233920,233909,233820,233873,233537
11,234060,234133,234030,234093,233746
10,234270,234357,234241,234312,233954
8,234530,234581,234451,234532,234163
12,234800,234805,234661,234751,234371
6,234920,234924,235078,234960,234788
9,235160,235147,235289,235180,234996
1,235370,235370,235499,235400,235205
4,235640,235592,235710,235620,235413
3,235850,235815,235921,235839,235622
5,236150,236038,236131,236059,235830
7,236220,236261,236342,236279,236039
11,236440,236483,236552,236499,236247
2,236690,236706,236763,236719,236456
8,236840,236929,236973,236939,236664
10,237040,237151,237184,237159,236872
12,237310,237374,237395,237378,237081
9,237650,237597,237605,237598,237289
6,237850,237819,237816,237818,237498
4,238120,238042,238026,238038,237706
1,238350,238265,238237,238258,237915
5,238550,238488,238447,238478,238123
3,238870,238710,238658,238698,238332
11,238970,238933,238869,238917,238540
7,239130,239156,239079,239137,238749
2,239330,239378,239290,239357,238957
10,239460,239601,239500,239577,239165
8,239780,239824,239711,239797,239374
12,240030,240047,239922,240017,239582
9,240150,240177,240345,240238,239999
4,240460,240401,240556,240457,240208
6,240630,240626,240767,240677,240416
5,240890,240850,240978,240897,240625
1,241160,241075,241189,241116,240833
11,241290,241299,241400,241336,241042
3,241470,241524,241611,241555,241250
2,241710,241749,241822,241775,241458
7,241880,241973,242033,241995,241667
8,242140,242198,242245,242214,241875
10,242240,242422,242456,242434,242084
12,242550,242647,242667,242654,242292
4,243030,242871,242878,242873,242501
9,243170,243096,243089,243093,242709
6,243350,243321,243300,243312,242918
5,243840,243545,243511,243532,243126
1,243970,243770,243722,243752,243334
3,244050,243994,243933,243971,243543
11,244220,244219,244144,244191,243751
7,244400,244443,244355,244410,243960
2,244660,244668,244566,244630,244168
10,244730,244893,244778,244850,244377
8,245000,245117,244989,245069,244585
12,245330,245342,245200,245289,244794
4,245490,245454,245606,245500,245211
6,245700,245676,245817,245718,245419
9,245910,245899,246028,245937,245627
5,246010,246121,246239,246155,245836
1,246410,246344,246450,246374,246044
11,246560,246566,246661,246592,246253
3,246820,246789,246872,246811,246461
2,247020,247011,247083,247029,246670
7,247150,247234,247294,247247,246878
8,247400,247456,247505,247466,247087
10,247560,247679,247716,247684,247295
12,247830,247901,247927,247903,247504
6,248250,248124,248138,248121,247712
4,248510,248346,248349,248340,247920
9,248640,248569,248560,248558,248129
5,248810,248791,248771,248777,248337
1,249000,249014,248982,248995,248546
3,249260,249237,249193,249214,248754
11,249450,249459,249404,249432,248963
7,249660,249682,249615,249650,249171
2,249880,249904,249826,249869,249380
10,250040,250127,250037,250087,249588
8,250340,250349,250248,250306,249797
12,250590,250572,250459,250524,250005
6,250800,250676,250846,250728,250422
9,251010,250898,251056,250946,250630
5,251210,251121,251267,251163,250839
4,251250,251343,251477,251381,251047
3,251530,251566,251688,251599,251256
1,251570,251789,251898,251816,251464
11,251770,252011,252109,252034,251673
2,252160,252234,252319,252252,251881
7,252320,252456,252530,252469,252090
8,252700,252679,252740,252687,252298
10,252860,252901,252951,252905,252506
12,253090,253124,253161,253122,252715
9,253500,253346,253372,253340,252923
6,253720,253569,253582,253558,253132
5,253810,253791,253793,253775,253340
4,254130,254014,254003,253993,253549
11,254330,254236,254213,254211,253757
1,254630,254459,254424,254428,253966
3,254670,254682,254634,254646,254174
2,254770,254904,254845,254864,254382
7,255080,255127,255055,255081,254591
10,255250,255349,255266,255299,254799
8,255570,255572,255476,255517,255008
12,255820,255794,255687,255734,255216
6,255990,255906,256067,255950,255633
9,256180,256127,256277,256167,255842
5,256440,256347,256487,256384,256050
11,256620,256568,256696,256600,256259
4,256850,256788,256906,256817,256467
1,256930,257009,257116,257034,256675
2,257040,257229,257325,257250,256884
7,257340,257450,257535,257467,257092
3,257410,257670,257745,257684,257301
8,257890,257891,257954,257900,257509
10,258040,258111,258164,258117,257718
12,258350,258331,258374,258334,257926
6,258730,258552,258583,258550,258135
5,258890,258772,258793,258767,258343
9,259120,258993,259003,258984,258552
4,259350,259213,259212,259200,258760
11,259500,259434,259422,259417,258968
1,259530,259654,259632,259634,259177
2,259810,259875,259842,259851,259385
3,260090,260095,260051,260067,259594
7,260320,260316,260261,260284,259802
10,260410,260536,260471,260501,260011
8,260750,260757,260680,260717,260219
12,261030,260977,260890,260934,260428
5,261180,261091,261259,261129,260845
6,261430,261311,261468,261345,261053
9,261660,261530,261676,261561,261261
11,261810,261750,261885,261777,261470
1,262030,261969,262093,261993,261678
4,262050,262188,262302,262210,261887
2,262180,262408,262511,262426,262095
3,262470,262627,262719,262642,262304
7,262510,262846,262928,262858,262512
8,263070,263066,263137,263074,262721
10,263230,263285,263345,263290,262929
12,263470,263505,263554,263507,263137
5,263800,263724,263762,263723,263346
9,264130,263943,263971,263939,263554
6,264330,264163,264180,264155,263763
4,264580,264382,264388,264371,263971
11,264740,264601,264597,264587,264180
1,264760,264821,264805,264803,264388
2,264990,265040,265014,265020,264597
3,265240,265260,265223,265236,264805
7,265460,265479,265431,265452,265014
10,265560,265698,265640,265668,265222
8,265910,265918,265849,265884,265430
12,266160,266137,266057,266100,265639
9,266360,266273,266440,266302,266056
5,266640,266492,266648,266520,266264
6,266790,266711,266856,266737,266473
11,267040,266931,267064,266954,266681
4,267260,267150,267272,267171,266890
1,267280,267369,267480,267388,267098
2,267370,267588,267688,267605,267307
7,267690,267807,267895,267822,267515
3,267700,268026,268103,268040,267723
8,268230,268245,268311,268257,267932
10,268390,268464,268519,268474,268140
12,268680,268684,268727,268691,268349
5,269090,268903,268935,268908,268557
9,269330,269122,269143,269125,268766
11,269500,269341,269351,269342,268974
6,269740,269560,269559,269560,269183
2,269760,269779,269767,269777,269391
4,270020,269998,269975,269994,269600
1,270170,270217,270183,270211,269808
7,270240,270437,270391,270428,270016
3,270690,270656,270599,270645,270225
10,270810,270875,270807,270862,270433
8,271090,271094,271015,271080,270642
12,271320,271313,271223,271297,270850
5,271630,271463,271636,271521,271267
11,271780,271685,271844,271738,271476
9,272010,271906,272053,271956,271684
2,272170,272128,272261,272173,271893
6,272370,272350,272469,272390,272101
7,272550,272571,272678,272608,272309
4,272750,272793,272886,272825,272518
1,272970,273015,273094,273042,272726
3,273040,273236,273302,273259,272935
8,273380,273458,273511,273477,273143
10,273510,273680,273719,273694,273352
12,273790,273901,273927,273911,273560
11,274120,274123,274136,274129,273769
5,274380,274345,274344,274346,273977
9,274670,274566,274552,274563,274185
6,274910,274788,274761,274781,274394
2,275130,275009,274969,274998,274602
4,275330,275231,275177,275215,274811
7,275490,275453,275385,275432,275019
1,275720,275674,275594,275650,275228
10,275980,275896,275802,275867,275436
3,276030,276118,276010,276084,275645
8,276260,276339,276219,276302,275853
12,276510,276561,276427,276519,276062
11,276660,276667,276834,276705,276478
9,276910,276889,277042,276923,276687
5,277150,277111,277251,277141,276895
2,277360,277332,277459,277359,277104
6,277580,277554,277668,277577,277312
7,277740,277776,277876,277795,277521
1,277970,277998,278085,278013,277729
4,278100,278220,278293,278231,277938
3,278300,278442,278502,278449,278146
8,278650,278664,278710,278667,278355
10,278740,278886,278919,278885,278563
12,279020,279108,279127,279103,278771
9,279340,279330,279336,279322,278980
11,279590,279552,279545,279540,279188
5,279750,279774,279753,279758,279397
6,280070,279995,279962,279976,279605
2,280300,280217,280170,280194,279814
4,280530,280439,280379,280412,280022
7,280680,280661,280587,280630,280231
1,280900,280883,280796,280848,280439
10,281190,281105,281004,281066,280648
3,281370,281327,281213,281284,280856
8,281470,281549,281421,281502,281064
12,281730,281771,281630,281720,281273
9,281920,281900,282061,281967,281690
5,282170,282123,282270,282185,281898
11,282320,282346,282480,282402,282107
2,282560,282569,282689,282620,282315
6,282790,282792,282898,282837,282524
7,282960,283015,283108,283054,282732
4,283330,283238,283317,283272,282941
1,283510,283462,283527,283489,283149
3,283680,283685,283736,283707,283357
8,283840,283908,283945,283924,283566
10,284010,284131,284155,284141,283774
12,284210,284354,284364,284359,283983
5,284660,284577,284574,284576,284191
9,284850,284800,284783,284794,284400
2,285090,285023,284992,285011,284608
11,285270,285246,285202,285228,284817
7,285450,285469,285411,285446,285025
6,285650,285693,285620,285663,285233
1,286130,285916,285830,285881,285442
3,286240,286139,286039,286098,285650
4,286420,286362,286249,286315,285859
10,286430,286585,286458,286533,286067
8,286760,286808,286667,286750,286276
12,286970,287031,286877,286968,286484
9,287130,287127,287261,287157,286901
5,287400,287345,287470,287372,287110
2,287580,287563,287679,287587,287318
11,287620,287781,287888,287802,287526
7,287730,287999,288096,288017,287735
6,288390,288218,288305,288232,287943
1,288530,288436,288514,288447,288152
3,288550,288654,288723,288662,288360
4,288980,288872,288931,288877,288569
8,289090,289091,289140,289092,288777
10,289210,289309,289349,289307,288986
12,289490,289527,289558,289522,289194
9,289780,289745,289766,289738,289403
2,290060,289963,289975,289953,289611
5,290230,290182,290184,290168,289819
11,290500,290400,290393,290383,290028
7,290610,290618,290601,290598,290236
6,290850,290836,290810,290813,290445
1,290930,291054,291019,291028,290653
3,291240,291273,291228,291243,290862
4,291410,291491,291437,291458,291070
10,291650,291709,291645,291673,291279
8,291960,291927,291854,291888,291487
12,292200,292146,292063,292103,291696
2,292380,292273,292428,292306,292112
9,292630,292490,292636,292520,292321
5,292810,292707,292843,292735,292529
7,292860,292924,293051,292949,292738
11,292940,293141,293258,293164,292946
1,293320,293358,293466,293378,293155
6,293540,293575,293674,293593,293363
3,293620,293792,293881,293807,293572
4,293980,294009,294089,294022,293780
8,294240,294226,294296,294236,293988
10,294420,294443,294504,294450,294197
12,294690,294660,294711,294665,294405
2,295060,294877,294919,294879,294614
5,295270,295094,295127,295094,294822
9,295460,295311,295334,295308,295031
11,295630,295528,295542,295523,295239
7,295750,295745,295749,295737,295448
1,295770,295962,295957,295952,295656
6,296050,296179,296164,296166,295865
3,296420,296396,296372,296380,296073
4,296550,296613,296580,296595,296281
10,296760,296830,296787,296809,296490
8,297060,297047,296995,297024,296698
12,297320,297264,297202,297238,296907
5,297600,297400,297571,297448,297324
2,297830,297618,297777,297661,297532
9,297930,297835,297984,297875,297741
7,298050,298053,298190,298089,297949
1,298100,298270,298397,298303,298158
11,298290,298488,298604,298516,298366
6,298610,298705,298810,298730,298574
3,298650,298923,299017,298944,298783
4,299100,299140,299223,299158,298991
8,299350,299358,299430,299371,299200
10,299510,299575,299637,299585,299408
12,299790,299793,299843,299799,299617
2,300240,300011,300050,300013,299825
5,300450,300228,300256,300226,300034
7,300640,300446,300463,300440,300242
1,300690,300663,300670,300654,300451
9,300850,300881,300876,300868,300659
11,301140,301098,301083,301081,300867
3,301160,301316,301289,301295,301076
6,301400,301533,301496,301509,301284
4,301760,301751,301703,301723,301493
10,301900,301969,301909,301937,301701
8,302240,302186,302116,302150,301910
12,302460,302404,302322,302364,302118
2,302710,302540,302689,302559,302535
7,302840,302754,302895,302773,302744
5,303140,302969,303100,302986,302952
1,303290,303184,303306,303200,303160
9,303390,303399,303512,303413,303369
3,303420,303614,303717,303627,303577
11,303490,303829,303923,303840,303786
4,304010,304044,304128,304054,303994
6,304100,304258,304334,304268,304203
8,304440,304473,304539,304481,304411
10,304630,304688,304745,304695,304620
12,304930,304903,304950,304908,304828
7,305300,305118,305156,305122,305036
2,305560,305333,305362,305335,305245
5,305800,305548,305567,305549,305453
1,305830,305763,305773,305762,305662
11,305930,305977,305978,305976,305870
9,305990,306192,306184,306190,306079
3,306380,306407,306389,306403,306287
6,306580,306622,306595,306617,306496
4,306830,306837,306800,306830,306704
10,306970,307052,307006,307044,306913
8,307280,307267,307212,307257,307121
12,307520,307481,307417,307471,307329
7,307720,307646,307804,307677,307746
5,308000,307861,308009,307891,307955
2,308170,308077,308214,308105,308163
1,308470,308293,308419,308319,308372
11,308480,308509,308624,308533,308580
9,308620,308725,308829,308747,308789
3,308810,308941,309034,308961,308997
4,309100,309157,309240,309175,309206
6,309280,309373,309445,309389,309414
8,309560,309589,309650,309604,309622
10,309710,309805,309855,309818,309831
12,309960,310021,310060,310032,310039
5,310400,310237,310265,310246,310248
7,310620,310452,310470,310460,310456
2,310870,310668,310676,310674,310665
1,311020,310884,310881,310888,310873
9,311060,311100,311086,311102,311082
11,311090,311316,311291,311316,311290
3,311540,311532,311496,311530,311499
6,311770,311748,311701,311744,311707
4,312030,311964,311906,311958,311915
10,312060,312180,312112,312173,312124
8,312350,312396,312317,312387,312332
12,312640,312612,312522,312601,312541
5,312980,312772,312925,312798,312958
2,313160,312989,313131,313013,313166
7,313280,313206,313336,313228,313375
1,313350,313423,313541,313444,313583
9,313660,313640,313747,313659,313791
11,313680,313857,313952,313874,314000
3,313900,314074,314157,314090,314208
4,314300,314291,314363,314305,314417
6,314430,314508,314568,314520,314625
8,314600,314725,314773,314735,314834
10,314800,314942,314979,314951,315042
12,315100,315158,315184,315166,315251
2,315550,315375,315389,315381,315459
5,315740,315592,315594,315597,315668
1,316000,315809,315800,315812,315876
7,316160,316026,316005,316027,316084
3,316380,316243,316210,316243,316293
9,316500,316460,316416,316458,316501
11,316570,316677,316621,316673,316710
4,316810,316894,316826,316889,316918
6,317080,317111,317032,317104,317127
10,317210,317328,317237,317319,317335
8,317540,317545,317442,317535,317544
12,317790,317761,317647,317750,317752
5,318080,317933,318079,317963,318169
2,318220,318152,318285,318180,318377
1,318370,318370,318491,318396,318586
3,318680,318589,318697,318613,318794
7,318810,318808,318904,318830,319003
4,319120,319026,319110,319047,319211
9,319170,319245,319316,319264,319420
11,319250,319464,319522,319481,319628
6,319440,319683,319729,319697,319837
8,319830,319901,319935,319914,320045
10,319940,320120,320141,320131,320254
12,320300,320339,320347,320348,320462
5,320730,320557,320554,320565,320670
1,321000,320776,320760,320781,320879
2,321210,320995,320966,320998,321087
7,321380,321214,321172,321215,321296
3,321580,321432,321379,321432,321504
9,321740,321651,321585,321649,321713
4,321860,321870,321791,321866,321921
11,322020,322088,321997,322082,322130
6,322260,322307,322204,322299,322338
10,322320,322526,322410,322516,322547
8,322680,322744,322616,322733,322755
12,322960,322963,322822,322950,322963
1,323350,323149,323265,323167,323380
5,323560,323367,323472,323384,323589
2,323690,323584,323679,323601,323797
3,323860,323802,323886,323818,324006
7,324040,324020,324094,324036,324214
4,324160,324237,324301,324253,324423
9,324360,324455,324508,324470,324631
11,324510,324672,324716,324687,324839
6,324610,324890,324923,324904,325048
8,324980,325108,325130,325121,325256
10,325130,325325,325338,325338,325465
12,325440,325543,325545,325555,325673
2,326140,325761,325752,325772,325882
5,326180,325978,325960,325989,326090
1,326370,326196,326167,326206,326299
7,326570,326413,326374,326424,326507
3,326900,326631,326582,326641,326716
9,326960,326849,326789,326858,326924
4,327070,327066,326996,327075,327132
11,327110,327284,327204,327292,327341
6,327360,327501,327411,327509,327549
10,327560,327719,327618,327726,327758
8,327860,327937,327826,327943,327966
12,328160,328154,328033,328160,328175
2,328360,328326,328464,328360,328592
1,328790,328546,328672,328577,328800
5,328830,328766,328880,328794,329009
3,329070,328986,329088,329012,329217
7,329240,329206,329296,329229,329425
4,329310,329426,329504,329446,329634
6,329620,329646,329713,329664,329842
9,329630,329866,329921,329881,330051
11,329910,330086,330129,330098,330259
8,330110,330306,330337,330316,330468
10,330320,330526,330545,330533,330676
12,330610,330746,330753,330750,330885
1,331220,330966,330962,330968,331093
2,331300,331186,331170,331185,331302
3,331520,331406,331378,331403,331510
5,331740,331626,331586,331620,331718
4,331980,331846,331794,331837,331927
7,332140,332066,332002,332055,332135
6,332310,332286,332211,332272,332344
9,332550,332506,332419,332489,332552
8,332720,332726,332627,332707,332761
11,332890,332946,332835,332924,332969
10,333090,333166,333043,333141,333178
12,333360,333386,333251,333359,333386
1,333520,333538,333679,333571,333803
3,333790,333759,333888,333789,334011
2,334010,333980,334097,334007,334220
4,334200,334201,334306,334226,334428
5,334450,334423,334515,334444,334637
6,334620,334644,334724,334662,334845
7,334840,334865,334933,334880,335054
8,335030,335086,335142,335098,335262
9,335240,335307,335351,335316,335471
10,335410,335529,335559,335534,335679
11,335610,335750,335768,335752,335887
12,335920,335971,335977,335970,336096
1,336250,336192,336186,336188,336304
3,336490,336413,336395,336406,336513
2,336750,336635,336604,336624,336721
5,336920,336856,336813,336842,336930
4,337150,337077,337022,337060,337138
7,337320,337298,337231,337278,337347
6,337560,337519,337440,337496,337555
9,337720,337741,337649,337714,337764
8,337930,337962,337858,337932,337972
11,338150,338183,338067,338150,338180
10,338330,338404,338276,338368,338389
12,338680,338625,338485,338586,338597
1,338850,338780,338905,338802,339014
2,339100,339000,339115,339020,339223
3,339230,339220,339324,339238,339431
4,339470,339439,339533,339456,339640
5,339630,339659,339743,339673,339848
6,339870,339879,339952,339891,340057
7,340060,340098,340161,340109,340265
8,340250,340318,340371,340327,340473
9,340410,340538,340580,340544,340682
10,340580,340757,340790,340762,340890
11,340870,340977,340999,340980,341099
12,341170,341197,341208,341198,341307
1,341510,341416,341418,341416,341516
2,341760,341636,341627,341633,341724
3,341950,341856,341836,341851,341933
4,342200,342076,342046,342069,342141
5,342310,342295,342255,342287,342350
6,342560,342515,342464,342504,342558
7,342730,342735,342674,342722,342766
8,342990,342954,342883,342940,342975
9,343160,343174,343093,343158,343183
10,343330,343394,343302,343376,343392
11,343510,343613,343511,343593,343600
12,343860,343833,343721,343811,343809
1,344090,343990,344125,344010,344226
2,344300,344210,344335,344228,344434
3,344460,344429,344544,344446,344642
4,344630,344649,344753,344663,344851
5,344920,344868,344963,344881,345059
6,344990,345088,345172,345099,345268
7,345230,345307,345381,345317,345476
8,345490,345527,345591,345535,345685
9,345620,345746,345800,345752,345893
10,345830,345966,346009,345970,346102
11,346090,346185,346219,346188,346310
12,346360,346405,346428,346406,346519
1,346700,346624,346637,346623,346727
2,346890,346844,346847,346841,346935
3,347140,347063,347056,347059,347144
4,347420,347283,347265,347277,347352
5,347530,347502,347474,347495,347561
6,347790,347722,347684,347712,347769
7,347960,347941,347893,347930,347978
8,348200,348161,348102,348148,348186
9,348390,348380,348312,348366,348395
10,348550,348600,348521,348584,348603
11,348750,348819,348730,348801,348812
12,349020,349039,348940,349019,349020
